{
  "rounds": [
    1,
    2,
    3,
    4,
    5,
    6,
    7,
    8,
    9,
    10
  ],
  "algos": [
    "FedAvg",
    "FedProx",
    "FedRep",
    "Ditto",
    "FedProto"
  ],
  "series": {
    "FedAvg": {
      "pape_before": [
        69.69812323469282,
        52.27544270418956,
        46.6285620556196,
        53.623778311748474,
        54.31335833999841,
        53.33466197196178,
        53.30704497157434,
        53.12158806943771,
        52.96619240044546,
        52.86954677553038
      ],
      "pape_after": [
        50.13346797803819,
        48.85504423449443,
        50.11515780379079,
        49.25397096570526,
        48.30020964289696,
        47.952929341689966,
        47.86629015839209,
        47.80750618956504,
        47.691033214670576,
        47.75425230662334
      ],
      "pape_delta": [
        -19.564655256654625,
        -3.4203984696951295,
        3.4865957481711902,
        -4.369807346043217,
        -6.01314869710145,
        -5.381732630271813,
        -5.440754813182252,
        -5.314081879872674,
        -5.275159185774882,
        -5.115294468907038
      ],
      "hr1_delta": [
        2.4927808652064964,
        -6.087879723463248,
        -6.330273146634701,
        -4.16937573402104,
        -1.2435073190221964,
        0.06050754906590328,
        0.02309517755742263,
        0.42553545699998985,
        0.5130731417916774,
        0.511801847614203
      ],
      "util": [
        1.0,
        1.0,
        1.0,
        1.0,
        1.0,
        1.0,
        1.0,
        1.0,
        1.0,
        1.0
      ],
      "perplexity": [
        22.769115805123374,
        20.904389934894535,
        20.684986832813806,
        21.86118568050186,
        23.60249899767637,
        24.69269212341692,
        25.488511764157195,
        25.556705151208426,
        25.83019446367459,
        25.25921802852945
      ],
      "top1_share": [
        0.17468069120961682,
        0.17743551214625594,
        0.30841472577009765,
        0.23390934134735789,
        0.15777610818933133,
        0.18682694715752568,
        0.1687953919358878,
        0.17167543200601051,
        0.18131730528424744,
        0.17668419734535437
      ],
      "k_max": [
        2504,
        3113,
        3426,
        3192,
        2115,
        2159,
        1881,
        2136,
        1757,
        1946
      ],
      "k_min": [
        26,
        26,
        26,
        26,
        27,
        27,
        27,
        27,
        27,
        27
      ]
    },
    "FedProx": {
      "pape_before": [
        69.64020686101777,
        52.20973146969099,
        46.57533842946338,
        53.59930114834055,
        54.263072611044365,
        53.34618253095297,
        53.2939294274066,
        52.98475054531706,
        52.86274782651341,
        52.7506759835995
      ],
      "pape_after": [
        49.98504656975246,
        49.72536054940318,
        50.137142532245065,
        49.02140373074765,
        48.16526844029179,
        47.984434156939685,
        47.875698637466364,
        47.81171849513469,
        47.709432162467536,
        47.720471369176295
      ],
      "pape_delta": [
        -19.65516029126531,
        -2.484370920287816,
        3.561804102781686,
        -4.577897417592901,
        -6.097804170752575,
        -5.361748374013288,
        -5.418230789940239,
        -5.173032050182371,
        -5.153315664045877,
        -5.030204614423205
      ],
      "hr1_delta": [
        2.355481094039444,
        -6.186526097853328,
        -6.529215550954678,
        -3.853776954463454,
        -1.0558854866635201,
        0.28785732447059864,
        0.09669402976039088,
        0.47298197183780566,
        0.26035802065550406,
        0.24902231423970633
      ],
      "util": [
        1.0,
        1.0,
        1.0,
        1.0,
        1.0,
        1.0,
        1.0,
        1.0,
        1.0,
        1.0
      ],
      "perplexity": [
        23.10369952259864,
        21.447071848902347,
        20.039845649850733,
        20.488225424899007,
        21.86577459302195,
        23.759582708120472,
        25.207990717785773,
        25.640116830432532,
        25.61852200654092,
        24.89910644331356
      ],
      "top1_share": [
        0.1756824442774856,
        0.20598547458051591,
        0.3169296268469822,
        0.20698722764838468,
        0.15001252191334835,
        0.1718006511394941,
        0.16967192587027297,
        0.17367893814174806,
        0.1865765088905585,
        0.17831204608064113
      ],
      "k_max": [
        2565,
        3500,
        3974,
        3525,
        2797,
        2356,
        2002,
        1812,
        1947,
        1944
      ],
      "k_min": [
        26,
        26,
        26,
        26,
        27,
        27,
        27,
        27,
        27,
        27
      ]
    },
    "FedRep": {
      "pape_before": [
        72.45090014722568,
        62.508511708538514,
        47.8905235185864,
        46.042879282809885,
        43.688752480452244,
        45.74595062492747,
        52.31429088754611,
        53.21493418990451,
        53.52368875666577,
        53.15633485791069
      ],
      "pape_after": [
        50.960145592028915,
        49.5485323899536,
        48.818034026272215,
        49.61895627908136,
        49.32009552212414,
        48.64813977772717,
        47.833690325136,
        47.7915188805432,
        47.63333391582188,
        47.627479611525516
      ],
      "pape_delta": [
        -21.490754555196766,
        -12.959979318584914,
        0.9275105076858168,
        3.5760769962714747,
        5.631343041671897,
        2.9021891527997,
        -4.48060056241011,
        -5.42341530936131,
        -5.890354840843891,
        -5.528855246385177
      ],
      "hr1_delta": [
        5.112282517888925,
        -3.7801326988970008,
        -6.576313973339145,
        -6.742626493770658,
        -5.037472909326453,
        -4.373100625961035,
        -2.5451612122092655,
        -0.11614180378482608,
        0.8020201469858215,
        0.01070005932706053
      ],
      "util": [
        1.0,
        1.0,
        1.0,
        1.0,
        1.0,
        1.0,
        1.0,
        1.0,
        1.0,
        1.0
      ],
      "perplexity": [
        21.14557319896234,
        20.686803002639728,
        21.912602816846867,
        18.06247208308477,
        21.670447825418968,
        23.286112375893893,
        24.356519980503997,
        24.497135099012908,
        25.563756301522638,
        25.130934830941875
      ],
      "top1_share": [
        0.15276734284998747,
        0.1887052341597796,
        0.2197595792637115,
        0.31580265464562984,
        0.2963936889556724,
        0.2092411720510894,
        0.15088905584773354,
        0.16917104933633859,
        0.19421487603305784,
        0.18419734535437016
      ],
      "k_max": [
        3366,
        4028,
        3141,
        3774,
        2860,
        2665,
        2245,
        2150,
        2145,
        2146
      ],
      "k_min": [
        26,
        26,
        26,
        26,
        26,
        26,
        27,
        27,
        27,
        27
      ]
    },
    "Ditto": {
      "pape_before": [
        69.24542398105343,
        53.03710892450918,
        48.72861356795413,
        53.45594292075203,
        54.00285180450935,
        53.994448780054434,
        54.24789054493444,
        54.147827581916374,
        54.088439785893094,
        54.13728735938557
      ],
      "pape_after": [
        50.23694113495467,
        49.83841692781543,
        50.39744089218703,
        49.258135452515894,
        48.63887066332947,
        48.02337104529588,
        48.06941634730635,
        47.93624216140777,
        47.79007884766271,
        47.71640300537969
      ],